customer_id,gender,birth_year,city,signup_date,source
C000001,Female,1992,Ottawa,1970-01-01,organic
C000002,Female,2001,Edmonton,1970-01-01,ads
C000003,Female,1979,Calgary,1970-01-01,email
C000004,Male,2001,Winnipeg,1970-01-01,social
C000005,Male,1972,Hamilton,1970-01-01,ads
C000006,Female,1992,Toronto,1970-01-01,ads
C000007,Male,1983,Vancouver,1970-01-01,social
C000008,Female,1988,Vancouver,1970-01-01,social
C000009,Female,1991,Calgary,1970-01-01,organic
C000010,Male,1977,Calgary,1970-01-01,organic
C000011,Male,1971,Hamilton,1970-01-01,organic
C000012,Male,1988,Calgary,1970-01-01,referral
C000013,Male,2004,Hamilton,1970-01-01,social
C000014,Male,1980,Winnipeg,1970-01-01,referral
C000015,Female,1990,Mississauga,1970-01-01,organic
C000016,Female,1974,Mississauga,1970-01-01,email
C000017,Other,1982,Toronto,1970-01-01,ads
C000018,Female,1974,Winnipeg,1970-01-01,email
C000019,Female,1974,Hamilton,1970-01-01,ads
C000020,Other,1998,Toronto,1970-01-01,ads
C000021,Male,2002,Vancouver,1970-01-01,referral
C000022,Male,2003,Calgary,1970-01-01,social
C000023,Female,1996,Vancouver,1970-01-01,social
C000024,Male,1975,Hamilton,1970-01-01,organic
C000025,Male,2003,Vancouver,1970-01-01,social
C000026,Female,1970,Mississauga,1970-01-01,ads
C000027,Male,1979,Montreal,1970-01-01,organic
C000028,Female,1979,Edmonton,1970-01-01,organic
C000029,Female,1996,Montreal,1970-01-01,ads
C000030,Female,1974,Montreal,1970-01-01,organic
C000031,Female,2004,Hamilton,1970-01-01,social
C000032,Male,1976,Montreal,1970-01-01,organic
C000033,Male,2001,Mississauga,1970-01-01,organic
C000034,Male,1990,Edmonton,1970-01-01,email
C000035,Female,1979,Montreal,1970-01-01,organic
C000036,Male,1985,Hamilton,1970-01-01,ads
C000037,Male,1974,Calgary,1970-01-01,organic
C000038,Male,1985,Montreal,1970-01-01,organic
C000039,Female,1994,Hamilton,1970-01-01,ads
C000040,Male,1977,Vancouver,1970-01-01,referral
C000041,Male,2004,Hamilton,1970-01-01,organic
C000042,Female,1993,Toronto,1970-01-01,referral
C000043,Female,1983,Toronto,1970-01-01,email
C000044,Female,1980,Vancouver,1970-01-01,ads
C000045,Female,1997,Edmonton,1970-01-01,ads
C000046,Female,1984,Hamilton,1970-01-01,organic
C000047,Male,2003,Hamilton,1970-01-01,organic
C000048,Female,1986,Edmonton,1970-01-01,organic
C000049,Female,1995,Edmonton,1970-01-01,referral
C000050,Female,2002,Mississauga,1970-01-01,organic
C000051,Male,2004,Mississauga,1970-01-01,referral
C000052,Female,1978,Toronto,1970-01-01,social
C000053,Male,1985,Edmonton,1970-01-01,organic
C000054,Male,1995,Montreal,1970-01-01,organic
C000055,Male,1984,Vancouver,1970-01-01,social
C000056,Male,1981,Hamilton,1970-01-01,social
C000057,Female,1992,Ottawa,1970-01-01,organic
C000058,Male,2002,Edmonton,1970-01-01,referral
C000059,Other,1986,Ottawa,1970-01-01,organic
C000060,Female,1984,Toronto,1970-01-01,ads
C000061,Female,1997,Hamilton,1970-01-01,organic
C000062,Female,1988,Montreal,1970-01-01,social
C000063,Female,1981,Vancouver,1970-01-01,organic
C000064,Male,2001,Edmonton,1970-01-01,organic
C000065,Male,1991,Calgary,1970-01-01,social
C000066,Male,1994,Winnipeg,1970-01-01,ads
C000067,Male,1999,Ottawa,1970-01-01,social
C000068,Male,1973,Ottawa,1970-01-01,social
C000069,Other,2000,Toronto,1970-01-01,social
C000070,Male,1974,Vancouver,1970-01-01,organic
C000071,Female,1970,Hamilton,1970-01-01,social
C000072,Male,2005,Mississauga,1970-01-01,organic
C000073,Female,1980,Ottawa,1970-01-01,organic
C000074,Female,1971,Ottawa,1970-01-01,ads
C000075,Male,1995,Vancouver,1970-01-01,organic
C000076,Female,1980,Winnipeg,1970-01-01,organic
C000077,Female,1985,Edmonton,1970-01-01,social
C000078,Female,2004,Ottawa,1970-01-01,social
C000079,Female,1990,Calgary,1970-01-01,ads
C000080,Male,1970,Toronto,1970-01-01,ads
C000081,Male,1994,Mississauga,1970-01-01,organic
C000082,Female,1975,Calgary,1970-01-01,ads
C000083,Female,1981,Edmonton,1970-01-01,ads
C000084,Male,1977,Toronto,1970-01-01,email
C000085,Female,2002,Winnipeg,1970-01-01,organic
C000086,Female,1973,Vancouver,1970-01-01,email
C000087,Female,1989,Winnipeg,1970-01-01,email
C000088,Male,1986,Vancouver,1970-01-01,organic
C000089,Male,1989,Ottawa,1970-01-01,social
C000090,Male,1991,Montreal,1970-01-01,referral
C000091,Male,1973,Ottawa,1970-01-01,social
C000092,Female,1981,Calgary,1970-01-01,organic
C000093,Male,1990,Montreal,1970-01-01,social
C000094,Female,1973,Montreal,1970-01-01,referral
C000095,Male,1999,Edmonton,1970-01-01,organic
C000096,Female,1999,Hamilton,1970-01-01,ads
C000097,Male,1989,Montreal,1970-01-01,organic
C000098,Male,1998,Toronto,1970-01-01,referral
C000099,Male,1985,Vancouver,1970-01-01,social
C000100,Male,1990,Toronto,1970-01-01,organic
C000101,Other,1986,Edmonton,1970-01-01,social
C000102,Female,1974,Hamilton,1970-01-01,social
C000103,Male,1976,Vancouver,1970-01-01,organic
C000104,Female,1989,Ottawa,1970-01-01,ads
C000105,Female,1972,Ottawa,1970-01-01,social
C000106,Male,1992,Montreal,1970-01-01,organic
C000107,Female,1981,Hamilton,1970-01-01,ads
C000108,Female,1985,Calgary,1970-01-01,email
C000109,Male,2002,Edmonton,1970-01-01,social
C000110,Female,2001,Ottawa,1970-01-01,ads
C000111,Female,1986,Hamilton,1970-01-01,organic
C000112,Female,1984,Vancouver,1970-01-01,organic
C000113,Male,1999,Mississauga,1970-01-01,referral
C000114,Female,1988,Hamilton,1970-01-01,social
C000115,Male,1996,Ottawa,1970-01-01,referral
C000116,Female,1974,Hamilton,1970-01-01,ads
C000117,Female,1995,Edmonton,1970-01-01,ads
C000118,Male,1990,Calgary,1970-01-01,ads
C000119,Male,1977,Hamilton,1970-01-01,social
C000120,Female,1997,Toronto,1970-01-01,organic
C000121,Male,1989,Vancouver,1970-01-01,ads
C000122,Female,1996,Hamilton,1970-01-01,ads
C000123,Female,1999,Hamilton,1970-01-01,social
C000124,Female,1979,Calgary,1970-01-01,organic
C000125,Female,1999,Mississauga,1970-01-01,organic
C000126,Male,2005,Edmonton,1970-01-01,organic
C000127,Male,1988,Calgary,1970-01-01,organic
C000128,Male,1995,Hamilton,1970-01-01,referral
C000129,Male,1997,Mississauga,1970-01-01,social
C000130,Male,1985,Hamilton,1970-01-01,social
C000131,Female,1998,Edmonton,1970-01-01,ads
C000132,Female,1984,Hamilton,1970-01-01,organic
C000133,Male,2001,Hamilton,1970-01-01,ads
C000134,Male,1998,Ottawa,1970-01-01,referral
C000135,Female,1989,Winnipeg,1970-01-01,ads
C000136,Male,1976,Hamilton,1970-01-01,social
C000137,Other,1999,Toronto,1970-01-01,ads
C000138,Female,1993,Ottawa,1970-01-01,organic
C000139,Female,1990,Mississauga,1970-01-01,social
C000140,Female,1995,Calgary,1970-01-01,ads
C000141,Female,2005,Edmonton,1970-01-01,organic
C000142,Female,1988,Ottawa,1970-01-01,organic
C000143,Male,1983,Edmonton,1970-01-01,social
C000144,Female,2001,Montreal,1970-01-01,organic
C000145,Male,1993,Edmonton,1970-01-01,ads
C000146,Female,1986,Winnipeg,1970-01-01,organic
C000147,Male,1976,Winnipeg,1970-01-01,social
C000148,Male,1986,Hamilton,1970-01-01,ads
C000149,Female,2003,Calgary,1970-01-01,ads
C000150,Female,1980,Vancouver,1970-01-01,email
C000151,Male,2004,Ottawa,1970-01-01,social
C000152,Female,2003,Vancouver,1970-01-01,social
C000153,Female,2000,Edmonton,1970-01-01,organic
C000154,Female,1981,Montreal,1970-01-01,referral
C000155,Female,1998,Winnipeg,1970-01-01,ads
C000156,Other,1995,Ottawa,1970-01-01,email
C000157,Male,2002,Edmonton,1970-01-01,referral
C000158,Male,1984,Mississauga,1970-01-01,social
C000159,Male,1992,Edmonton,1970-01-01,referral
C000160,Male,2003,Mississauga,1970-01-01,ads
C000161,Male,2002,Calgary,1970-01-01,social
C000162,Female,2004,Mississauga,1970-01-01,organic
C000163,Female,1973,Vancouver,1970-01-01,email
C000164,Male,1971,Winnipeg,1970-01-01,referral
C000165,Female,1973,Toronto,1970-01-01,organic
C000166,Male,2005,Winnipeg,1970-01-01,organic
C000167,Female,1984,Hamilton,1970-01-01,ads
C000168,Female,1991,Calgary,1970-01-01,social
C000169,Male,1985,Vancouver,1970-01-01,organic
C000170,Other,1972,Montreal,1970-01-01,email
C000171,Male,2002,Toronto,1970-01-01,organic
C000172,Female,1987,Toronto,1970-01-01,email
C000173,Female,1980,Montreal,1970-01-01,social
C000174,Male,1971,Hamilton,1970-01-01,ads
C000175,Male,1974,Montreal,1970-01-01,ads
C000176,Male,1989,Calgary,1970-01-01,organic
C000177,Female,1997,Calgary,1970-01-01,organic
C000178,Female,1976,Toronto,1970-01-01,social
C000179,Female,1989,Montreal,1970-01-01,social
C000180,Male,1983,Calgary,1970-01-01,email
C000181,Female,1993,Ottawa,1970-01-01,ads
C000182,Female,1980,Calgary,1970-01-01,email
C000183,Female,2001,Edmonton,1970-01-01,organic
C000184,Female,1991,Winnipeg,1970-01-01,email
C000185,Female,1976,Toronto,1970-01-01,email
C000186,Male,1999,Toronto,1970-01-01,organic
C000187,Male,1993,Calgary,1970-01-01,referral
C000188,Male,2003,Calgary,1970-01-01,social
C000189,Male,2003,Toronto,1970-01-01,social
C000190,Male,1981,Mississauga,1970-01-01,referral
C000191,Male,1994,Toronto,1970-01-01,ads
C000192,Female,1990,Hamilton,1970-01-01,ads
C000193,Male,1985,Toronto,1970-01-01,ads
C000194,Female,1970,Edmonton,1970-01-01,referral
C000195,Male,1999,Montreal,1970-01-01,email
C000196,Female,1983,Edmonton,1970-01-01,organic
C000197,Male,1972,Ottawa,1970-01-01,social
C000198,Male,2004,Calgary,1970-01-01,organic
C000199,Female,1984,Toronto,1970-01-01,organic
C000200,Female,1974,Hamilton,1970-01-01,organic
C000201,Female,1985,Winnipeg,1970-01-01,ads
C000202,Female,2001,Winnipeg,1970-01-01,organic
C000203,Female,1996,Edmonton,1970-01-01,organic
C000204,Male,1993,Ottawa,1970-01-01,organic
C000205,Female,1980,Hamilton,1970-01-01,organic
C000206,Male,1980,Vancouver,1970-01-01,social
C000207,Female,1979,Edmonton,1970-01-01,organic
C000208,Other,1998,Vancouver,1970-01-01,ads
C000209,Female,1998,Edmonton,1970-01-01,social
C000210,Male,1980,Montreal,1970-01-01,organic
C000211,Male,1980,Montreal,1970-01-01,organic
C000212,Male,2002,Calgary,1970-01-01,email
C000213,Male,2005,Edmonton,1970-01-01,email
C000214,Female,1972,Toronto,1970-01-01,referral
C000215,Female,1979,Winnipeg,1970-01-01,organic
C000216,Male,1974,Montreal,1970-01-01,social
C000217,Female,1982,Mississauga,1970-01-01,ads
C000218,Female,1997,Ottawa,1970-01-01,organic
C000219,Male,1991,Vancouver,1970-01-01,ads
C000220,Female,1986,Calgary,1970-01-01,email
C000221,Female,1977,Ottawa,1970-01-01,referral
C000222,Male,1975,Montreal,1970-01-01,ads
C000223,Female,1997,Calgary,1970-01-01,organic
C000224,Female,1988,Calgary,1970-01-01,email
C000225,Female,1970,Winnipeg,1970-01-01,email
C000226,Male,1980,Montreal,1970-01-01,ads
C000227,Female,1994,Vancouver,1970-01-01,organic
C000228,Female,1989,Edmonton,1970-01-01,ads
C000229,Female,1996,Winnipeg,1970-01-01,social
C000230,Female,1996,Ottawa,1970-01-01,ads
C000231,Male,1974,Winnipeg,1970-01-01,ads
C000232,Female,2000,Vancouver,1970-01-01,organic
C000233,Female,1991,Vancouver,1970-01-01,organic
C000234,Female,1972,Hamilton,1970-01-01,organic
C000235,Male,2004,Hamilton,1970-01-01,organic
C000236,Male,1991,Ottawa,1970-01-01,email
C000237,Female,1978,Ottawa,1970-01-01,organic
C000238,Male,2005,Ottawa,1970-01-01,social
C000239,Female,1971,Vancouver,1970-01-01,referral
C000240,Female,1986,Winnipeg,1970-01-01,ads
C000241,Male,1971,Montreal,1970-01-01,ads
C000242,Male,1997,Winnipeg,1970-01-01,organic
C000243,Male,1997,Montreal,1970-01-01,social
C000244,Female,1973,Hamilton,1970-01-01,social
C000245,Male,1980,Hamilton,1970-01-01,social
C000246,Male,2001,Hamilton,1970-01-01,ads
C000247,Male,1979,Calgary,1970-01-01,email
C000248,Female,1990,Winnipeg,1970-01-01,referral
C000249,Female,1989,Winnipeg,1970-01-01,ads
C000250,Male,2001,Winnipeg,1970-01-01,social
C000251,Male,1996,Hamilton,1970-01-01,organic
C000252,Female,1998,Vancouver,1970-01-01,email
C000253,Male,1973,Edmonton,1970-01-01,social
C000254,Male,2001,Winnipeg,1970-01-01,referral
C000255,Male,1986,Montreal,1970-01-01,organic
C000256,Male,1972,Calgary,1970-01-01,email
C000257,Male,1973,Edmonton,1970-01-01,organic
C000258,Female,1995,Calgary,1970-01-01,ads
C000259,Female,2001,Edmonton,1970-01-01,organic
C000260,Male,1977,Vancouver,1970-01-01,organic
C000261,Male,1980,Montreal,1970-01-01,social
C000262,Female,1979,Montreal,1970-01-01,organic
C000263,Male,2002,Winnipeg,1970-01-01,ads
C000264,Male,1981,Toronto,1970-01-01,organic
C000265,Male,1993,Montreal,1970-01-01,referral
C000266,Male,1991,Edmonton,1970-01-01,organic
C000267,Female,1984,Ottawa,1970-01-01,organic
C000268,Male,1992,Winnipeg,1970-01-01,referral
C000269,Male,1977,Hamilton,1970-01-01,social
C000270,Female,2003,Winnipeg,1970-01-01,social
C000271,Female,2002,Montreal,1970-01-01,email
C000272,Male,1970,Vancouver,1970-01-01,organic
C000273,Male,1987,Toronto,1970-01-01,social
C000274,Female,1976,Edmonton,1970-01-01,social
C000275,Male,1986,Vancouver,1970-01-01,social
C000276,Female,1983,Hamilton,1970-01-01,social
C000277,Male,2001,Edmonton,1970-01-01,organic
C000278,Female,1999,Toronto,1970-01-01,organic
C000279,Female,1980,Hamilton,1970-01-01,social
C000280,Female,1989,Vancouver,1970-01-01,social
C000281,Female,1984,Mississauga,1970-01-01,organic
C000282,Male,1988,Calgary,1970-01-01,organic
C000283,Male,2002,Ottawa,1970-01-01,ads
C000284,Female,1997,Ottawa,1970-01-01,organic
C000285,Female,1971,Montreal,1970-01-01,social
C000286,Male,1993,Vancouver,1970-01-01,organic
C000287,Male,1997,Toronto,1970-01-01,referral
C000288,Female,1980,Ottawa,1970-01-01,organic
C000289,Female,1996,Mississauga,1970-01-01,ads
C000290,Female,1973,Montreal,1970-01-01,organic
C000291,Male,1973,Calgary,1970-01-01,referral
C000292,Male,1986,Edmonton,1970-01-01,ads
C000293,Female,1984,Mississauga,1970-01-01,organic
C000294,Female,2001,Ottawa,1970-01-01,email
C000295,Female,1999,Mississauga,1970-01-01,social
C000296,Other,1991,Winnipeg,1970-01-01,organic
C000297,Female,1989,Hamilton,1970-01-01,referral
C000298,Female,1971,Calgary,1970-01-01,ads
C000299,Female,1976,Ottawa,1970-01-01,email
C000300,Male,1985,Winnipeg,1970-01-01,organic
C000301,Female,1985,Montreal,1970-01-01,email
C000302,Male,1983,Winnipeg,1970-01-01,organic
C000303,Female,1988,Montreal,1970-01-01,social
C000304,Female,1990,Winnipeg,1970-01-01,organic
C000305,Female,1984,Ottawa,1970-01-01,ads
C000306,Male,1991,Toronto,1970-01-01,social
C000307,Male,1973,Toronto,1970-01-01,organic
C000308,Male,2004,Mississauga,1970-01-01,organic
C000309,Male,1988,Edmonton,1970-01-01,organic
C000310,Female,1982,Edmonton,1970-01-01,social
C000311,Female,1985,Winnipeg,1970-01-01,organic
C000312,Male,1984,Calgary,1970-01-01,ads
C000313,Female,1980,Montreal,1970-01-01,organic
C000314,Female,1992,Montreal,1970-01-01,organic
C000315,Male,2001,Edmonton,1970-01-01,email
C000316,Female,2001,Ottawa,1970-01-01,ads
C000317,Female,1976,Calgary,1970-01-01,social
C000318,Male,1995,Ottawa,1970-01-01,social
C000319,Male,1997,Montreal,1970-01-01,referral
C000320,Female,1986,Calgary,1970-01-01,organic
C000321,Other,1994,Vancouver,1970-01-01,organic
C000322,Male,1999,Calgary,1970-01-01,ads
C000323,Female,1973,Ottawa,1970-01-01,organic
C000324,Female,1987,Montreal,1970-01-01,organic
C000325,Female,1971,Montreal,1970-01-01,email
C000326,Male,2004,Hamilton,1970-01-01,social
C000327,Male,1989,Winnipeg,1970-01-01,ads
C000328,Other,1980,Montreal,1970-01-01,organic
C000329,Male,1972,Edmonton,1970-01-01,social
C000330,Male,1974,Toronto,1970-01-01,ads
C000331,Female,1980,Montreal,1970-01-01,organic
C000332,Male,1999,Ottawa,1970-01-01,email
C000333,Female,2005,Calgary,1970-01-01,email
C000334,Male,1980,Vancouver,1970-01-01,email
C000335,Female,1982,Winnipeg,1970-01-01,referral
C000336,Male,2000,Toronto,1970-01-01,ads
C000337,Female,1973,Mississauga,1970-01-01,organic
C000338,Male,1991,Mississauga,1970-01-01,social
C000339,Male,1991,Edmonton,1970-01-01,organic
C000340,Male,1988,Calgary,1970-01-01,social
C000341,Male,2000,Calgary,1970-01-01,organic
C000342,Male,1973,Ottawa,1970-01-01,organic
C000343,Female,1980,Winnipeg,1970-01-01,social
C000344,Male,1998,Montreal,1970-01-01,organic
C000345,Male,1980,Montreal,1970-01-01,social
C000346,Other,1972,Toronto,1970-01-01,social
C000347,Female,1986,Hamilton,1970-01-01,referral
C000348,Female,2004,Mississauga,1970-01-01,social
C000349,Male,1998,Calgary,1970-01-01,referral
C000350,Male,2001,Mississauga,1970-01-01,social
C000351,Male,1980,Hamilton,1970-01-01,email
C000352,Male,1980,Vancouver,1970-01-01,referral
C000353,Male,1975,Vancouver,1970-01-01,organic
C000354,Female,1974,Montreal,1970-01-01,organic
C000355,Male,1980,Winnipeg,1970-01-01,ads
C000356,Male,2001,Montreal,1970-01-01,organic
C000357,Female,1994,Winnipeg,1970-01-01,organic
C000358,Female,1987,Vancouver,1970-01-01,referral
C000359,Male,1986,Mississauga,1970-01-01,organic
C000360,Female,1974,Edmonton,1970-01-01,organic
C000361,Male,1987,Calgary,1970-01-01,social
C000362,Female,1987,Hamilton,1970-01-01,organic
C000363,Male,1997,Montreal,1970-01-01,organic
C000364,Female,1978,Winnipeg,1970-01-01,email
C000365,Female,2001,Winnipeg,1970-01-01,social
C000366,Female,1984,Winnipeg,1970-01-01,ads
C000367,Male,1972,Vancouver,1970-01-01,organic
C000368,Female,1993,Toronto,1970-01-01,organic
C000369,Female,1991,Winnipeg,1970-01-01,email
C000370,Male,2002,Calgary,1970-01-01,referral
C000371,Male,1989,Toronto,1970-01-01,organic
C000372,Male,1998,Ottawa,1970-01-01,social
C000373,Other,1978,Mississauga,1970-01-01,ads
C000374,Female,1975,Winnipeg,1970-01-01,social
C000375,Male,1993,Calgary,1970-01-01,organic
C000376,Other,1987,Montreal,1970-01-01,organic
C000377,Male,1998,Winnipeg,1970-01-01,organic
C000378,Female,1987,Ottawa,1970-01-01,organic
C000379,Female,1998,Edmonton,1970-01-01,referral
C000380,Female,2005,Hamilton,1970-01-01,referral
C000381,Male,2004,Toronto,1970-01-01,social
C000382,Male,1973,Toronto,1970-01-01,social
C000383,Female,2004,Mississauga,1970-01-01,organic
C000384,Male,1988,Calgary,1970-01-01,ads
C000385,Male,1983,Hamilton,1970-01-01,referral
C000386,Male,2002,Calgary,1970-01-01,email
C000387,Female,1976,Hamilton,1970-01-01,ads
C000388,Female,1984,Mississauga,1970-01-01,social
C000389,Female,1999,Mississauga,1970-01-01,email
C000390,Female,1979,Calgary,1970-01-01,email
C000391,Female,2003,Ottawa,1970-01-01,organic
C000392,Female,1990,Toronto,1970-01-01,social
C000393,Female,1988,Calgary,1970-01-01,ads
C000394,Female,1981,Montreal,1970-01-01,ads
C000395,Male,1974,Toronto,1970-01-01,ads
C000396,Male,2003,Edmonton,1970-01-01,organic
C000397,Female,1970,Vancouver,1970-01-01,organic
C000398,Male,1973,Vancouver,1970-01-01,social
C000399,Female,1972,Edmonton,1970-01-01,social
C000400,Female,1977,Hamilton,1970-01-01,referral
C000401,Male,1996,Mississauga,1970-01-01,organic
C000402,Female,1973,Vancouver,1970-01-01,organic
C000403,Male,1975,Winnipeg,1970-01-01,ads
C000404,Female,1995,Winnipeg,1970-01-01,email
C000405,Male,1971,Hamilton,1970-01-01,ads
C000406,Other,1980,Vancouver,1970-01-01,organic
C000407,Female,1999,Ottawa,1970-01-01,ads
C000408,Female,2002,Hamilton,1970-01-01,email
C000409,Male,1987,Edmonton,1970-01-01,referral
C000410,Female,2002,Vancouver,1970-01-01,referral
C000411,Female,2001,Toronto,1970-01-01,ads
C000412,Female,2003,Winnipeg,1970-01-01,organic
C000413,Female,1978,Toronto,1970-01-01,referral
C000414,Male,1979,Hamilton,1970-01-01,referral
C000415,Male,1993,Edmonton,1970-01-01,referral
C000416,Female,1970,Calgary,1970-01-01,ads
C000417,Female,1979,Vancouver,1970-01-01,organic
C000418,Male,1983,Toronto,1970-01-01,organic
C000419,Female,2002,Montreal,1970-01-01,referral
C000420,Male,2004,Edmonton,1970-01-01,email
C000421,Female,1982,Calgary,1970-01-01,ads
C000422,Female,1997,Ottawa,1970-01-01,referral
C000423,Male,1989,Edmonton,1970-01-01,ads
C000424,Female,1972,Ottawa,1970-01-01,ads
C000425,Male,1984,Calgary,1970-01-01,ads
C000426,Female,1995,Hamilton,1970-01-01,organic
C000427,Male,1995,Winnipeg,1970-01-01,organic
C000428,Male,2003,Ottawa,1970-01-01,organic
C000429,Female,1992,Vancouver,1970-01-01,organic
C000430,Female,2004,Ottawa,1970-01-01,ads
C000431,Female,1986,Montreal,1970-01-01,organic
C000432,Male,1995,Ottawa,1970-01-01,referral
C000433,Female,1992,Vancouver,1970-01-01,organic
C000434,Female,2001,Ottawa,1970-01-01,ads
C000435,Female,2003,Toronto,1970-01-01,social
C000436,Male,2000,Montreal,1970-01-01,organic
C000437,Male,2004,Winnipeg,1970-01-01,ads
C000438,Female,1982,Vancouver,1970-01-01,ads
C000439,Female,2005,Vancouver,1970-01-01,ads
C000440,Male,1973,Calgary,1970-01-01,referral
C000441,Female,1983,Mississauga,1970-01-01,referral
C000442,Male,1996,Calgary,1970-01-01,organic
C000443,Male,1992,Mississauga,1970-01-01,referral
C000444,Female,1974,Calgary,1970-01-01,ads
C000445,Male,1994,Toronto,1970-01-01,social
C000446,Male,1983,Hamilton,1970-01-01,organic
C000447,Female,1998,Vancouver,1970-01-01,ads
C000448,Female,2005,Vancouver,1970-01-01,social
C000449,Female,1977,Ottawa,1970-01-01,referral
C000450,Female,1990,Vancouver,1970-01-01,referral
C000451,Male,1971,Edmonton,1970-01-01,organic
C000452,Female,1988,Ottawa,1970-01-01,referral
C000453,Female,2000,Winnipeg,1970-01-01,ads
C000454,Female,2004,Calgary,1970-01-01,social
C000455,Female,1998,Calgary,1970-01-01,referral
C000456,Male,1980,Calgary,1970-01-01,ads
C000457,Female,1983,Winnipeg,1970-01-01,email
C000458,Male,2005,Montreal,1970-01-01,referral
C000459,Female,1998,Hamilton,1970-01-01,referral
C000460,Male,2002,Ottawa,1970-01-01,ads
C000461,Male,1978,Hamilton,1970-01-01,ads
C000462,Female,1983,Winnipeg,1970-01-01,organic
C000463,Female,1999,Winnipeg,1970-01-01,social
C000464,Male,1981,Mississauga,1970-01-01,referral
C000465,Female,1997,Ottawa,1970-01-01,organic
C000466,Male,1974,Hamilton,1970-01-01,social
C000467,Female,1972,Hamilton,1970-01-01,social
C000468,Female,2002,Montreal,1970-01-01,organic
C000469,Male,1980,Winnipeg,1970-01-01,email
C000470,Female,1976,Ottawa,1970-01-01,ads
C000471,Male,1979,Edmonton,1970-01-01,organic
C000472,Male,1970,Montreal,1970-01-01,organic
C000473,Female,1997,Ottawa,1970-01-01,referral
C000474,Female,2002,Calgary,1970-01-01,organic
C000475,Female,1970,Edmonton,1970-01-01,ads
C000476,Female,1991,Mississauga,1970-01-01,organic
C000477,Female,1983,Montreal,1970-01-01,social
C000478,Female,1994,Toronto,1970-01-01,ads
C000479,Male,1995,Winnipeg,1970-01-01,referral
C000480,Male,1996,Vancouver,1970-01-01,social
C000481,Male,1971,Winnipeg,1970-01-01,social
C000482,Male,1971,Edmonton,1970-01-01,organic
C000483,Male,2004,Mississauga,1970-01-01,organic
C000484,Other,1973,Edmonton,1970-01-01,referral
C000485,Male,1988,Vancouver,1970-01-01,email
C000486,Male,1987,Calgary,1970-01-01,social
C000487,Male,1983,Calgary,1970-01-01,email
C000488,Female,1971,Mississauga,1970-01-01,social
C000489,Female,1976,Hamilton,1970-01-01,social
C000490,Female,1988,Montreal,1970-01-01,ads
C000491,Male,1973,Hamilton,1970-01-01,ads
C000492,Male,1996,Edmonton,1970-01-01,ads
C000493,Female,2000,Calgary,1970-01-01,organic
C000494,Female,1993,Toronto,1970-01-01,ads
C000495,Female,1999,Mississauga,1970-01-01,ads
C000496,Male,1992,Mississauga,1970-01-01,organic
C000497,Female,1994,Winnipeg,1970-01-01,ads
C000498,Male,1971,Toronto,1970-01-01,organic
C000499,Female,1989,Edmonton,1970-01-01,social
C000500,Male,1978,Montreal,1970-01-01,referral
C000501,Male,1976,Winnipeg,1970-01-01,social
C000502,Female,2002,Hamilton,1970-01-01,social
C000503,Female,1999,Ottawa,1970-01-01,social
C000504,Male,1974,Mississauga,1970-01-01,organic
C000505,Female,2005,Vancouver,1970-01-01,ads
C000506,Male,1989,Mississauga,1970-01-01,referral
C000507,Male,1992,Hamilton,1970-01-01,email
C000508,Female,1971,Hamilton,1970-01-01,organic
C000509,Male,2001,Mississauga,1970-01-01,organic
C000510,Male,2003,Calgary,1970-01-01,email
C000511,Female,1997,Vancouver,1970-01-01,referral
C000512,Female,1976,Toronto,1970-01-01,social
C000513,Male,1988,Winnipeg,1970-01-01,referral
C000514,Female,1984,Ottawa,1970-01-01,ads
C000515,Female,1984,Calgary,1970-01-01,email
C000516,Male,1989,Toronto,1970-01-01,organic
C000517,Male,1995,Calgary,1970-01-01,ads
C000518,Female,1995,Mississauga,1970-01-01,social
C000519,Male,1978,Toronto,1970-01-01,organic
C000520,Female,2003,Toronto,1970-01-01,social
C000521,Male,1985,Calgary,1970-01-01,organic
C000522,Female,1996,Calgary,1970-01-01,social
C000523,Male,2001,Vancouver,1970-01-01,referral
C000524,Male,1982,Vancouver,1970-01-01,ads
C000525,Female,2000,Ottawa,1970-01-01,email
C000526,Female,1972,Toronto,1970-01-01,social
C000527,Male,1980,Mississauga,1970-01-01,social
C000528,Other,1995,Ottawa,1970-01-01,organic
C000529,Male,1997,Montreal,1970-01-01,organic
C000530,Male,2005,Toronto,1970-01-01,social
C000531,Male,1985,Vancouver,1970-01-01,email
C000532,Male,1970,Mississauga,1970-01-01,social
C000533,Male,1985,Montreal,1970-01-01,email
C000534,Female,1997,Winnipeg,1970-01-01,organic
C000535,Female,1974,Vancouver,1970-01-01,referral
C000536,Male,1976,Montreal,1970-01-01,referral
C000537,Male,1984,Calgary,1970-01-01,social
C000538,Male,1986,Hamilton,1970-01-01,ads
C000539,Female,1985,Montreal,1970-01-01,social
C000540,Female,1988,Hamilton,1970-01-01,organic
C000541,Female,1992,Mississauga,1970-01-01,social
C000542,Female,1992,Calgary,1970-01-01,social
C000543,Female,1984,Vancouver,1970-01-01,ads
C000544,Female,2005,Hamilton,1970-01-01,organic
C000545,Female,1987,Mississauga,1970-01-01,organic
C000546,Male,1994,Mississauga,1970-01-01,organic
C000547,Male,1993,Vancouver,1970-01-01,referral
C000548,Male,1984,Edmonton,1970-01-01,organic
C000549,Female,1993,Vancouver,1970-01-01,organic
C000550,Male,1995,Montreal,1970-01-01,organic
C000551,Male,1987,Montreal,1970-01-01,ads
C000552,Female,1986,Mississauga,1970-01-01,ads
C000553,Male,1991,Winnipeg,1970-01-01,referral
C000554,Male,1984,Mississauga,1970-01-01,referral
C000555,Male,1997,Hamilton,1970-01-01,email
C000556,Male,1983,Montreal,1970-01-01,referral
C000557,Other,1973,Hamilton,1970-01-01,ads
C000558,Male,1987,Toronto,1970-01-01,organic
C000559,Male,2002,Vancouver,1970-01-01,email
C000560,Male,1980,Hamilton,1970-01-01,organic
C000561,Male,1981,Toronto,1970-01-01,social
C000562,Male,1978,Edmonton,1970-01-01,organic
C000563,Male,2003,Mississauga,1970-01-01,referral
C000564,Male,1975,Calgary,1970-01-01,organic
C000565,Male,1985,Winnipeg,1970-01-01,ads
C000566,Female,1985,Edmonton,1970-01-01,organic
C000567,Male,1990,Winnipeg,1970-01-01,referral
C000568,Female,1980,Calgary,1970-01-01,social
C000569,Male,1997,Vancouver,1970-01-01,social
C000570,Male,2000,Mississauga,1970-01-01,organic
C000571,Female,1985,Toronto,1970-01-01,organic
C000572,Male,2000,Montreal,1970-01-01,referral
C000573,Female,1974,Toronto,1970-01-01,social
C000574,Female,1982,Vancouver,1970-01-01,social
C000575,Female,2001,Edmonton,1970-01-01,email
C000576,Male,1992,Toronto,1970-01-01,ads
C000577,Female,1976,Vancouver,1970-01-01,organic
C000578,Female,2002,Montreal,1970-01-01,social
C000579,Female,2001,Calgary,1970-01-01,organic
C000580,Male,1982,Mississauga,1970-01-01,ads
C000581,Female,1976,Vancouver,1970-01-01,ads
C000582,Female,1989,Vancouver,1970-01-01,ads
C000583,Male,1991,Winnipeg,1970-01-01,email
C000584,Male,1985,Ottawa,1970-01-01,referral
C000585,Male,1995,Ottawa,1970-01-01,ads
C000586,Female,1993,Mississauga,1970-01-01,referral
C000587,Female,1998,Vancouver,1970-01-01,referral
C000588,Other,2004,Toronto,1970-01-01,social
C000589,Female,1997,Hamilton,1970-01-01,ads
C000590,Female,1974,Calgary,1970-01-01,referral
C000591,Female,1970,Calgary,1970-01-01,ads
C000592,Female,2004,Hamilton,1970-01-01,organic
C000593,Female,1999,Edmonton,1970-01-01,organic
C000594,Female,1993,Toronto,1970-01-01,social
C000595,Male,1979,Mississauga,1970-01-01,ads
C000596,Female,1998,Mississauga,1970-01-01,ads
C000597,Male,1973,Toronto,1970-01-01,ads
C000598,Female,1992,Hamilton,1970-01-01,organic
C000599,Female,1983,Vancouver,1970-01-01,organic
C000600,Male,2001,Vancouver,1970-01-01,organic
C000601,Female,1994,Winnipeg,1970-01-01,social
C000602,Female,1981,Edmonton,1970-01-01,organic
C000603,Male,1998,Montreal,1970-01-01,ads
C000604,Male,1995,Ottawa,1970-01-01,email
C000605,Male,1979,Vancouver,1970-01-01,social
C000606,Male,1979,Winnipeg,1970-01-01,referral
C000607,Male,1983,Montreal,1970-01-01,social
C000608,Male,1988,Calgary,1970-01-01,email
C000609,Female,1979,Edmonton,1970-01-01,organic
C000610,Male,1994,Montreal,1970-01-01,ads
C000611,Female,1988,Toronto,1970-01-01,email
C000612,Female,1977,Calgary,1970-01-01,ads
C000613,Female,1995,Mississauga,1970-01-01,email
C000614,Male,1972,Calgary,1970-01-01,organic
C000615,Male,2003,Montreal,1970-01-01,organic
C000616,Female,1998,Vancouver,1970-01-01,referral
C000617,Male,1973,Toronto,1970-01-01,ads
C000618,Male,1999,Mississauga,1970-01-01,ads
C000619,Female,1981,Edmonton,1970-01-01,email
C000620,Female,1993,Hamilton,1970-01-01,organic
C000621,Male,1978,Hamilton,1970-01-01,email
C000622,Male,1981,Montreal,1970-01-01,ads
C000623,Female,1970,Ottawa,1970-01-01,organic
C000624,Male,1993,Winnipeg,1970-01-01,organic
C000625,Female,1991,Winnipeg,1970-01-01,ads
C000626,Male,1973,Ottawa,1970-01-01,ads
C000627,Female,1979,Toronto,1970-01-01,referral
C000628,Male,1993,Calgary,1970-01-01,organic
C000629,Female,1998,Calgary,1970-01-01,organic
C000630,Male,1990,Montreal,1970-01-01,organic
C000631,Female,1975,Edmonton,1970-01-01,social
C000632,Female,1992,Mississauga,1970-01-01,referral
C000633,Male,1978,Vancouver,1970-01-01,ads
C000634,Male,1986,Montreal,1970-01-01,social
C000635,Female,1987,Calgary,1970-01-01,social
C000636,Female,1978,Edmonton,1970-01-01,organic
C000637,Male,1999,Hamilton,1970-01-01,organic
C000638,Female,1996,Mississauga,1970-01-01,email
C000639,Male,1973,Ottawa,1970-01-01,organic
C000640,Female,1986,Calgary,1970-01-01,email
C000641,Male,1974,Vancouver,1970-01-01,ads
C000642,Female,1996,Hamilton,1970-01-01,organic
C000643,Female,1983,Toronto,1970-01-01,organic
C000644,Female,1983,Vancouver,1970-01-01,organic
C000645,Male,1978,Toronto,1970-01-01,organic
C000646,Female,1973,Winnipeg,1970-01-01,ads
C000647,Female,1974,Hamilton,1970-01-01,ads
C000648,Male,1989,Hamilton,1970-01-01,ads
C000649,Male,1996,Calgary,1970-01-01,ads
C000650,Other,1992,Hamilton,1970-01-01,organic
C000651,Female,1978,Toronto,1970-01-01,organic
C000652,Male,2003,Mississauga,1970-01-01,email
C000653,Female,1993,Edmonton,1970-01-01,organic
C000654,Male,2001,Winnipeg,1970-01-01,social
C000655,Male,1970,Toronto,1970-01-01,ads
C000656,Female,1972,Mississauga,1970-01-01,social
C000657,Male,1972,Montreal,1970-01-01,organic
C000658,Male,1997,Calgary,1970-01-01,ads
C000659,Male,1983,Hamilton,1970-01-01,ads
C000660,Male,1979,Ottawa,1970-01-01,email
C000661,Male,1991,Vancouver,1970-01-01,organic
C000662,Male,1995,Vancouver,1970-01-01,organic
C000663,Male,1986,Montreal,1970-01-01,organic
C000664,Male,1983,Toronto,1970-01-01,referral
C000665,Male,1983,Ottawa,1970-01-01,organic
C000666,Male,1981,Montreal,1970-01-01,organic
C000667,Female,1983,Edmonton,1970-01-01,ads
C000668,Female,1987,Winnipeg,1970-01-01,referral
C000669,Male,1981,Vancouver,1970-01-01,ads
C000670,Female,1989,Hamilton,1970-01-01,organic
C000671,Female,1993,Hamilton,1970-01-01,ads
C000672,Male,1995,Toronto,1970-01-01,organic
C000673,Male,1970,Winnipeg,1970-01-01,organic
C000674,Female,1992,Mississauga,1970-01-01,email
C000675,Male,1981,Montreal,1970-01-01,ads
C000676,Female,1994,Calgary,1970-01-01,organic
C000677,Male,2004,Ottawa,1970-01-01,referral
C000678,Female,1983,Calgary,1970-01-01,email
C000679,Female,1974,Vancouver,1970-01-01,referral
C000680,Female,1994,Hamilton,1970-01-01,organic
C000681,Male,1981,Edmonton,1970-01-01,organic
C000682,Female,1982,Mississauga,1970-01-01,ads
C000683,Male,1992,Winnipeg,1970-01-01,ads
C000684,Female,1991,Winnipeg,1970-01-01,referral
C000685,Male,1970,Hamilton,1970-01-01,email
C000686,Male,1986,Calgary,1970-01-01,email
C000687,Female,1983,Vancouver,1970-01-01,organic
C000688,Male,1990,Ottawa,1970-01-01,ads
C000689,Male,1992,Mississauga,1970-01-01,organic
C000690,Other,1970,Hamilton,1970-01-01,ads
C000691,Male,1972,Winnipeg,1970-01-01,organic
C000692,Male,1987,Montreal,1970-01-01,organic
C000693,Male,2000,Vancouver,1970-01-01,organic
C000694,Male,1977,Hamilton,1970-01-01,organic
C000695,Male,1974,Montreal,1970-01-01,organic
C000696,Female,1983,Hamilton,1970-01-01,social
C000697,Female,1979,Vancouver,1970-01-01,organic
C000698,Female,1972,Ottawa,1970-01-01,organic
C000699,Female,2003,Hamilton,1970-01-01,social
C000700,Male,1993,Mississauga,1970-01-01,social
C000701,Female,1998,Toronto,1970-01-01,social
C000702,Female,2002,Montreal,1970-01-01,social
C000703,Female,1992,Calgary,1970-01-01,social
C000704,Female,1982,Winnipeg,1970-01-01,ads
C000705,Female,1970,Hamilton,1970-01-01,social
C000706,Male,1973,Edmonton,1970-01-01,organic
C000707,Female,1981,Winnipeg,1970-01-01,organic
C000708,Female,1992,Calgary,1970-01-01,social
C000709,Male,1993,Toronto,1970-01-01,organic
C000710,Female,1974,Ottawa,1970-01-01,ads
C000711,Female,1979,Toronto,1970-01-01,organic
C000712,Male,2002,Edmonton,1970-01-01,ads
C000713,Female,1980,Edmonton,1970-01-01,referral
C000714,Female,1974,Ottawa,1970-01-01,social
C000715,Male,1978,Hamilton,1970-01-01,ads
C000716,Male,1983,Toronto,1970-01-01,organic
C000717,Male,1987,Montreal,1970-01-01,referral
C000718,Female,1987,Mississauga,1970-01-01,social
C000719,Female,1973,Calgary,1970-01-01,ads
C000720,Female,1974,Mississauga,1970-01-01,referral
C000721,Male,1977,Toronto,1970-01-01,social
C000722,Female,1981,Toronto,1970-01-01,email
C000723,Female,2004,Vancouver,1970-01-01,social
C000724,Male,1979,Mississauga,1970-01-01,referral
C000725,Male,1982,Edmonton,1970-01-01,ads
C000726,Male,1995,Ottawa,1970-01-01,social
C000727,Female,1982,Vancouver,1970-01-01,referral
C000728,Female,2005,Vancouver,1970-01-01,organic
C000729,Male,1987,Hamilton,1970-01-01,ads
C000730,Male,1983,Hamilton,1970-01-01,social
C000731,Male,1997,Toronto,1970-01-01,organic
C000732,Male,1998,Montreal,1970-01-01,referral
C000733,Female,1993,Ottawa,1970-01-01,social
C000734,Male,1975,Winnipeg,1970-01-01,email
C000735,Male,1980,Toronto,1970-01-01,ads
C000736,Female,1990,Hamilton,1970-01-01,ads
C000737,Female,1983,Ottawa,1970-01-01,email
C000738,Female,1985,Ottawa,1970-01-01,ads
C000739,Male,1980,Montreal,1970-01-01,referral
C000740,Male,1980,Toronto,1970-01-01,ads
C000741,Male,1987,Mississauga,1970-01-01,organic
C000742,Other,1999,Hamilton,1970-01-01,organic
C000743,Female,1983,Hamilton,1970-01-01,organic
C000744,Male,1996,Winnipeg,1970-01-01,ads
C000745,Female,2005,Ottawa,1970-01-01,organic
C000746,Male,1974,Mississauga,1970-01-01,referral
C000747,Female,2003,Toronto,1970-01-01,email
C000748,Male,1980,Calgary,1970-01-01,organic
C000749,Female,1973,Ottawa,1970-01-01,organic
C000750,Male,1999,Hamilton,1970-01-01,organic
C000751,Male,1970,Montreal,1970-01-01,email
C000752,Female,2005,Hamilton,1970-01-01,organic
C000753,Female,1977,Calgary,1970-01-01,social
C000754,Male,1992,Montreal,1970-01-01,organic
C000755,Male,1978,Calgary,1970-01-01,organic
C000756,Male,2001,Montreal,1970-01-01,organic
C000757,Male,1995,Hamilton,1970-01-01,social
C000758,Male,2005,Montreal,1970-01-01,organic
C000759,Male,1998,Ottawa,1970-01-01,referral
C000760,Male,1996,Toronto,1970-01-01,ads
C000761,Male,2003,Ottawa,1970-01-01,organic
C000762,Female,1993,Calgary,1970-01-01,organic
C000763,Male,1977,Ottawa,1970-01-01,social
C000764,Male,1977,Calgary,1970-01-01,social
C000765,Male,1993,Montreal,1970-01-01,organic
C000766,Female,1983,Toronto,1970-01-01,organic
C000767,Male,1997,Ottawa,1970-01-01,ads
C000768,Male,1992,Winnipeg,1970-01-01,email
C000769,Female,1971,Edmonton,1970-01-01,ads
C000770,Male,2003,Montreal,1970-01-01,referral
C000771,Female,2005,Hamilton,1970-01-01,social
C000772,Female,1980,Edmonton,1970-01-01,ads
C000773,Male,1980,Edmonton,1970-01-01,ads
C000774,Female,1984,Calgary,1970-01-01,social
C000775,Male,1999,Winnipeg,1970-01-01,ads
C000776,Male,1970,Montreal,1970-01-01,social
C000777,Male,1976,Vancouver,1970-01-01,organic
C000778,Female,1995,Winnipeg,1970-01-01,organic
C000779,Female,1985,Edmonton,1970-01-01,referral
C000780,Male,1985,Ottawa,1970-01-01,ads
C000781,Female,2003,Winnipeg,1970-01-01,referral
C000782,Male,1998,Edmonton,1970-01-01,email
C000783,Male,1974,Winnipeg,1970-01-01,ads
C000784,Other,1978,Montreal,1970-01-01,organic
C000785,Female,1979,Mississauga,1970-01-01,social
C000786,Male,1993,Edmonton,1970-01-01,social
C000787,Female,1985,Ottawa,1970-01-01,organic
C000788,Male,1994,Mississauga,1970-01-01,referral
C000789,Male,1978,Mississauga,1970-01-01,ads
C000790,Male,1986,Calgary,1970-01-01,organic
C000791,Female,1983,Calgary,1970-01-01,organic
C000792,Male,1976,Ottawa,1970-01-01,organic
C000793,Female,1977,Toronto,1970-01-01,social
C000794,Female,1984,Winnipeg,1970-01-01,referral
C000795,Male,1994,Winnipeg,1970-01-01,organic
C000796,Female,1996,Toronto,1970-01-01,organic
C000797,Male,1997,Calgary,1970-01-01,social
C000798,Female,1976,Mississauga,1970-01-01,ads
C000799,Female,1990,Vancouver,1970-01-01,ads
C000800,Female,1973,Ottawa,1970-01-01,referral
C000801,Other,1974,Winnipeg,1970-01-01,email
C000802,Male,1986,Calgary,1970-01-01,email
C000803,Female,1995,Montreal,1970-01-01,social
C000804,Male,1978,Winnipeg,1970-01-01,organic
C000805,Female,1976,Montreal,1970-01-01,organic
C000806,Female,1998,Hamilton,1970-01-01,ads
C000807,Other,1991,Toronto,1970-01-01,email
C000808,Male,1999,Edmonton,1970-01-01,organic
C000809,Male,1973,Montreal,1970-01-01,ads
C000810,Female,2004,Mississauga,1970-01-01,ads
C000811,Female,1999,Montreal,1970-01-01,ads
C000812,Male,2000,Toronto,1970-01-01,organic
C000813,Female,1973,Hamilton,1970-01-01,organic
C000814,Male,1993,Ottawa,1970-01-01,organic
C000815,Male,1989,Toronto,1970-01-01,organic
C000816,Female,1976,Winnipeg,1970-01-01,ads
C000817,Male,2002,Edmonton,1970-01-01,ads
C000818,Male,1999,Mississauga,1970-01-01,social
C000819,Male,1999,Winnipeg,1970-01-01,social
C000820,Male,1996,Edmonton,1970-01-01,email
C000821,Male,1976,Vancouver,1970-01-01,organic
C000822,Male,1996,Edmonton,1970-01-01,referral
C000823,Female,1986,Vancouver,1970-01-01,ads
C000824,Female,1995,Montreal,1970-01-01,social
C000825,Female,1991,Montreal,1970-01-01,referral
C000826,Female,1999,Edmonton,1970-01-01,ads
C000827,Male,1988,Vancouver,1970-01-01,ads
C000828,Male,1980,Ottawa,1970-01-01,social
C000829,Male,1993,Calgary,1970-01-01,organic
C000830,Male,1994,Mississauga,1970-01-01,ads
C000831,Female,1980,Mississauga,1970-01-01,organic
C000832,Male,1988,Hamilton,1970-01-01,organic
C000833,Male,1993,Calgary,1970-01-01,social
C000834,Female,1982,Winnipeg,1970-01-01,email
C000835,Male,1976,Mississauga,1970-01-01,email
C000836,Male,1981,Mississauga,1970-01-01,organic
C000837,Female,2000,Hamilton,1970-01-01,organic
C000838,Female,1975,Toronto,1970-01-01,ads
C000839,Male,1984,Vancouver,1970-01-01,ads
C000840,Female,1987,Winnipeg,1970-01-01,ads
C000841,Male,1998,Calgary,1970-01-01,social
C000842,Male,1983,Ottawa,1970-01-01,social
C000843,Female,2005,Ottawa,1970-01-01,ads
C000844,Male,1985,Winnipeg,1970-01-01,social
C000845,Male,1986,Winnipeg,1970-01-01,ads
C000846,Female,2000,Calgary,1970-01-01,social
C000847,Female,1986,Hamilton,1970-01-01,email
C000848,Male,1994,Ottawa,1970-01-01,email
C000849,Female,1982,Edmonton,1970-01-01,email
C000850,Male,1994,Hamilton,1970-01-01,referral
C000851,Other,1991,Calgary,1970-01-01,organic
C000852,Male,2005,Toronto,1970-01-01,ads
C000853,Male,1984,Edmonton,1970-01-01,referral
C000854,Male,1977,Calgary,1970-01-01,organic
C000855,Other,1975,Calgary,1970-01-01,social
C000856,Male,1988,Ottawa,1970-01-01,organic
C000857,Female,1988,Hamilton,1970-01-01,organic
C000858,Other,1973,Hamilton,1970-01-01,ads
C000859,Female,1970,Winnipeg,1970-01-01,organic
C000860,Male,1984,Calgary,1970-01-01,ads
C000861,Female,1971,Mississauga,1970-01-01,organic
C000862,Female,2004,Hamilton,1970-01-01,referral
C000863,Female,1998,Toronto,1970-01-01,organic
C000864,Male,1973,Calgary,1970-01-01,ads
C000865,Male,1998,Vancouver,1970-01-01,referral
C000866,Male,1997,Calgary,1970-01-01,ads
C000867,Male,1996,Winnipeg,1970-01-01,organic
C000868,Female,2001,Ottawa,1970-01-01,organic
C000869,Male,1995,Vancouver,1970-01-01,social
C000870,Male,1988,Edmonton,1970-01-01,organic
C000871,Male,1996,Edmonton,1970-01-01,organic
C000872,Male,1998,Hamilton,1970-01-01,social
C000873,Male,1991,Calgary,1970-01-01,ads
C000874,Female,1985,Hamilton,1970-01-01,organic
C000875,Male,1990,Edmonton,1970-01-01,ads
C000876,Male,1982,Calgary,1970-01-01,social
C000877,Female,1984,Calgary,1970-01-01,organic
C000878,Male,1988,Winnipeg,1970-01-01,organic
C000879,Male,1996,Winnipeg,1970-01-01,organic
C000880,Other,1977,Edmonton,1970-01-01,referral
C000881,Female,1985,Montreal,1970-01-01,organic
C000882,Female,1981,Montreal,1970-01-01,organic
C000883,Male,1975,Edmonton,1970-01-01,organic
C000884,Male,1980,Winnipeg,1970-01-01,social
C000885,Male,1980,Calgary,1970-01-01,referral
C000886,Male,2005,Mississauga,1970-01-01,organic
C000887,Male,1983,Vancouver,1970-01-01,referral
C000888,Male,1982,Ottawa,1970-01-01,social
C000889,Female,1984,Calgary,1970-01-01,organic
C000890,Male,1978,Mississauga,1970-01-01,email
C000891,Male,2002,Vancouver,1970-01-01,organic
C000892,Female,2003,Vancouver,1970-01-01,referral
C000893,Male,1984,Winnipeg,1970-01-01,organic
C000894,Male,1974,Vancouver,1970-01-01,ads
C000895,Male,1970,Mississauga,1970-01-01,ads
C000896,Female,2004,Winnipeg,1970-01-01,referral
C000897,Female,1999,Hamilton,1970-01-01,referral
C000898,Female,2000,Calgary,1970-01-01,ads
C000899,Female,1991,Winnipeg,1970-01-01,organic
C000900,Male,1993,Edmonton,1970-01-01,ads
C000901,Male,1997,Montreal,1970-01-01,ads
C000902,Female,1985,Ottawa,1970-01-01,email
C000903,Female,1999,Toronto,1970-01-01,social
C000904,Female,1977,Vancouver,1970-01-01,ads
C000905,Female,1986,Vancouver,1970-01-01,ads
C000906,Female,1973,Winnipeg,1970-01-01,social
C000907,Male,1997,Calgary,1970-01-01,organic
C000908,Female,1973,Winnipeg,1970-01-01,referral
C000909,Male,1988,Winnipeg,1970-01-01,social
C000910,Male,1982,Vancouver,1970-01-01,ads
C000911,Female,2005,Calgary,1970-01-01,social
C000912,Female,1984,Calgary,1970-01-01,ads
C000913,Female,1975,Vancouver,1970-01-01,organic
C000914,Male,2003,Hamilton,1970-01-01,ads
C000915,Male,1989,Montreal,1970-01-01,organic
C000916,Male,1989,Mississauga,1970-01-01,organic
C000917,Female,1992,Hamilton,1970-01-01,ads
C000918,Other,2005,Hamilton,1970-01-01,referral
C000919,Male,1970,Winnipeg,1970-01-01,organic
C000920,Female,1995,Ottawa,1970-01-01,ads
C000921,Male,1986,Montreal,1970-01-01,email
C000922,Male,1975,Montreal,1970-01-01,referral
C000923,Female,2002,Edmonton,1970-01-01,email
C000924,Male,1989,Ottawa,1970-01-01,social
C000925,Male,2002,Hamilton,1970-01-01,ads
C000926,Male,1975,Vancouver,1970-01-01,ads
C000927,Female,1994,Montreal,1970-01-01,social
C000928,Female,1971,Ottawa,1970-01-01,ads
C000929,Female,2005,Calgary,1970-01-01,ads
C000930,Female,2003,Calgary,1970-01-01,organic
C000931,Male,2001,Edmonton,1970-01-01,organic
C000932,Male,1982,Vancouver,1970-01-01,ads
C000933,Female,1995,Hamilton,1970-01-01,social
C000934,Female,1976,Montreal,1970-01-01,ads
C000935,Male,2000,Winnipeg,1970-01-01,organic
C000936,Male,1973,Toronto,1970-01-01,referral
C000937,Other,1996,Hamilton,1970-01-01,organic
C000938,Female,1993,Ottawa,1970-01-01,email
C000939,Male,1980,Hamilton,1970-01-01,social
C000940,Female,1986,Winnipeg,1970-01-01,ads
C000941,Female,1987,Hamilton,1970-01-01,ads
C000942,Male,1970,Edmonton,1970-01-01,referral
C000943,Female,1971,Toronto,1970-01-01,organic
C000944,Female,1995,Mississauga,1970-01-01,organic
C000945,Male,1994,Montreal,1970-01-01,ads
C000946,Male,1979,Hamilton,1970-01-01,organic
C000947,Male,1986,Ottawa,1970-01-01,ads
C000948,Female,1998,Edmonton,1970-01-01,ads
C000949,Female,1994,Vancouver,1970-01-01,organic
C000950,Female,1987,Mississauga,1970-01-01,email
C000951,Female,2001,Hamilton,1970-01-01,social
C000952,Male,1989,Ottawa,1970-01-01,organic
C000953,Female,1970,Montreal,1970-01-01,social
C000954,Male,1986,Hamilton,1970-01-01,ads
C000955,Female,1978,Vancouver,1970-01-01,social
C000956,Male,1994,Calgary,1970-01-01,social
C000957,Male,1973,Vancouver,1970-01-01,email
C000958,Other,2005,Ottawa,1970-01-01,organic
C000959,Female,1991,Montreal,1970-01-01,email
C000960,Male,1998,Mississauga,1970-01-01,ads
C000961,Male,1986,Mississauga,1970-01-01,organic
C000962,Female,1972,Edmonton,1970-01-01,ads
C000963,Male,1985,Winnipeg,1970-01-01,ads
C000964,Male,1987,Ottawa,1970-01-01,referral
C000965,Male,1985,Montreal,1970-01-01,ads
C000966,Female,1978,Hamilton,1970-01-01,organic
C000967,Male,1977,Montreal,1970-01-01,social
C000968,Female,1973,Calgary,1970-01-01,ads
C000969,Male,1987,Vancouver,1970-01-01,referral
C000970,Female,1977,Hamilton,1970-01-01,organic
C000971,Male,1992,Hamilton,1970-01-01,referral
C000972,Female,1978,Toronto,1970-01-01,referral
C000973,Other,1985,Hamilton,1970-01-01,organic
C000974,Female,2004,Calgary,1970-01-01,ads
C000975,Male,1988,Hamilton,1970-01-01,organic
C000976,Female,1996,Vancouver,1970-01-01,ads
C000977,Male,1994,Vancouver,1970-01-01,organic
C000978,Female,2000,Calgary,1970-01-01,referral
C000979,Male,1972,Mississauga,1970-01-01,organic
C000980,Female,1995,Mississauga,1970-01-01,social
C000981,Male,1978,Edmonton,1970-01-01,social
C000982,Female,1981,Toronto,1970-01-01,organic
C000983,Female,2002,Edmonton,1970-01-01,organic
C000984,Male,1984,Calgary,1970-01-01,email
C000985,Female,1988,Winnipeg,1970-01-01,organic
C000986,Female,1985,Edmonton,1970-01-01,organic
C000987,Male,1973,Hamilton,1970-01-01,organic
C000988,Male,1980,Winnipeg,1970-01-01,ads
C000989,Male,1975,Calgary,1970-01-01,ads
C000990,Male,1985,Winnipeg,1970-01-01,organic
C000991,Female,1970,Calgary,1970-01-01,ads
C000992,Male,1997,Montreal,1970-01-01,social
C000993,Female,1989,Calgary,1970-01-01,social
C000994,Other,1972,Vancouver,1970-01-01,ads
C000995,Other,2005,Montreal,1970-01-01,organic
C000996,Female,1979,Hamilton,1970-01-01,organic
C000997,Female,1982,Ottawa,1970-01-01,ads
C000998,Male,1987,Vancouver,1970-01-01,social
C000999,Other,1989,Winnipeg,1970-01-01,ads
C001000,Male,1994,Toronto,1970-01-01,email
